tradeoff,DiVE-dSwap-Adaptive(0.80),DiVE-dSwap-Adaptive(0.90),DiVE-dSwap-Adaptive(0.97),DiVE-dSwap-Adaptive(Hypothetical),DiVE-dSwaP
0,0,0,0,0,0
0.1,0.10472444,0.0472444,0,0,0
0.2,0.073918806,0.04918806,0,0,0
0.3,0.060400405,0.048909,0,0,0
0.4,0.029109987,0.0288686,0,0,0
0.5,0,0,0,0,0
0.6,0,0,0,0,0
0.7,0,0,0,0,0
0.8,0,0,0,0,0
0.9,0,0,0,0,0
1,0,0,0,0,0
